<manager id="1">
  <registrations id="2">
    <registration id="3">
      <id>1</id>
      <participant id="4">
        <name>Jennifer</name>
      </participant>
      <event id="5">
        <name>Concert</name>
        <eventDate id="6">2016-09-29</eventDate>
        <startTime id="7">17:00:00</startTime>
        <endTime id="8">19:00:00</endTime>
      </event>
    </registration>
    <registration id="9">
      <id>1</id>
      <participant id="10">
        <name>Ying Han</name>
      </participant>
      <event reference="5"/>
    </registration>
    <registration id="11">
      <id>2</id>
      <participant reference="10"/>
      <event reference="5"/>
    </registration>
    <registration id="12">
      <id>3</id>
      <participant reference="4"/>
      <event id="13">
        <name>asd</name>
        <startTime id="14">14:51:58</startTime>
        <endTime id="15">14:51:58</endTime>
      </event>
    </registration>
    <registration id="16">
      <id>1</id>
      <participant id="17">
        <name>Martin</name>
      </participant>
      <event reference="13"/>
    </registration>
  </registrations>
  <participants id="18">
    <participant id="19">
      <name>Oscar</name>
    </participant>
    <participant reference="4"/>
    <participant reference="17"/>
    <participant id="20">
      <name>Andrew</name>
    </participant>
    <participant reference="10"/>
  </participants>
  <events id="21">
    <event reference="13"/>
    <event reference="5"/>
    <event id="22">
      <name>LUL</name>
      <eventDate id="23">2016-09-30</eventDate>
      <startTime id="24">07:00:00</startTime>
      <endTime id="25">23:59:00</endTime>
    </event>
  </events>
</manager>